First_Name|Last_Name|email|phone|zip_code
Alec|Zamora|sed.est@Aliquamauctorvelit.com|1-921-529-0682|83527
Hollee|Berger|Donec.non@mollis.edu|1-402-951-9702|54961
Rashad|Velasquez|lorem.sit.amet@Proin.ca|1-160-423-4465|50848
Walter|Ortega|at.nisi.Cum@est.edu|1-340-913-1148|80435
Branden|Walter|neque@cursus.edu|1-818-669-3728|10231
Murphy|Cline|Nam@neque.ca|1-888-258-3674|31579
Rama|Mccray|sollicitudin.commodo.ipsum@sedtortor.com|1-764-927-6264|70017
Phoebe|Mclean|luctus@eratnequenon.ca|1-664-450-4871|73046
Meredith|Trevino|tempor.bibendum.Donec@Intinciduntcongue.org|1-641-969-7553|99037
Shelby|Kennedy|dictum@utsemNulla.edu|1-589-228-9843|30915
Jin|Kirk|est.tempor@facilisisfacilisis.ca|1-343-401-5064|87775
Deanna|Cervantes|eget.tincidunt@libero.org|1-702-346-8292|33883
Jerry|Dyer|rhoncus.Nullam@Vivamusnonlorem.edu|1-532-204-6717|31614
Mariko|Jefferson|lobortis@tortoratrisus.ca|1-230-570-6850|60537
Nora|Bradford|iaculis.odio.Nam@nisi.com|1-817-805-8871|29987
Kaseem|Tate|tempus.eu.ligula@mattissemperdui.org|1-726-529-9570|60849
Leroy|Moody|Sed.pharetra.felis@utaliquam.org|1-435-355-7119|62758
Kelly|Mccullough|Mauris@elementumategestas.org|1-662-548-3116|42223
Isaiah|Daniel|Aenean@Duisat.org|1-452-579-5351|06338
Kenneth|Banks|purus.accumsan@risus.edu|1-724-939-9934|81135
Merrill|Mccullough|auctor@dolor.edu|1-190-693-4106|90580
Tatiana|Gentry|faucibus@eratvolutpat.edu|1-107-179-4794|64105
Dane|Oconnor|Nunc@loremeumetus.edu|1-773-948-3593|90248
Daquan|Velez|tempor.erat.neque@consectetueripsum.ca|1-915-232-0397|81617
Kiona|Landry|Cras@feugiatnec.edu|1-559-232-0222|35039
Vivian|Burt|in.sodales.elit@pede.ca|1-184-230-4450|74686
Samuel|Barron|Aenean.euismod@mattissemper.org|1-547-220-4113|37771
Dylan|Schmidt|Integer.aliquam@dolor.ca|1-998-414-8793|15567
Melodie|Alvarado|odio.auctor@vitaeodiosagittis.ca|1-945-448-5274|16504
Kevyn|Hendricks|pretium.neque.Morbi@sedestNunc.com|1-703-201-2806|40203
Ahmed|Larson|Curabitur.dictum@nec.com|1-656-526-9630|40179
Clarke|Guerrero|Aliquam@auguemalesuada.org|1-752-274-1006|59345
Morgan|Hutchinson|vitae.aliquam@bibendumfermentum.ca|1-482-756-3248|66976
Walter|Houston|dui.Fusce@commodoauctor.ca|1-933-459-0339|14347
Pandora|Garcia|lorem@mauriselitdictum.edu|1-615-159-6580|25839
Chandler|Delgado|Quisque.porttitor@consequatlectussit.org|1-560-790-9160|66631
Inga|Hodge|sem@morbi.ca|1-902-639-4031|11102
Sierra|Bartlett|ultricies.ligula.Nullam@Donecnibhenim.ca|1-893-863-6537|80731
Brielle|Joyce|rhoncus@risusvarius.com|1-823-789-2771|67433
Olivia|Baldwin|urna@sem.ca|1-204-520-8581|50887
Linus|Zimmerman|faucibus.orci.luctus@NullafacilisiSed.org|1-295-456-2583|36011
Winifred|Grimes|augue.malesuada.malesuada@purusmauris.com|1-243-961-1130|66491
Dolan|Ferrell|hendrerit@faucibusMorbivehicula.ca|1-121-175-8162|58760
Ashely|Price|Nulla.semper.tellus@inceptoshymenaeos.org|1-550-718-0892|90482
Blythe|Bender|Cum.sociis.natoque@atnisiCum.com|1-150-934-1096|78976
Tyler|Alvarez|nulla.Integer.vulputate@sodales.org|1-327-197-5271|65775
Nash|Kent|non.bibendum.sed@blandit.edu|1-951-642-8150|60522
Gabriel|Harper|auctor.vitae@fermentumarcuVestibulum.ca|1-592-235-8554|18990
Kato|Berg|ut.cursus.luctus@et.com|1-387-886-0519|32428
Wylie|Morrison|est.mauris@milorem.edu|1-601-512-9558|36942
Britanney|Hahn|est@tellusSuspendissesed.org|1-543-168-5745|97192
Orla|Pitts|egestas.a@purusac.org|1-669-615-1806|02059
Kaden|Bush|sed.dictum.eleifend@pulvinararcuet.com|1-170-684-1407|68887
Vivien|Joyce|lacus.Ut.nec@acfeugiatnon.org|1-747-585-5263|32746
Petra|Curtis|Curabitur.ut.odio@Suspendisse.com|1-887-784-6411|79722
Graham|Neal|placerat.orci@doloregestasrhoncus.edu|1-693-644-4722|90965
Camilla|Patton|blandit.Nam@metusVivamuseuismod.edu|1-978-437-6436|80238
Kasimir|Melendez|sodales@mienimcondimentum.edu|1-347-834-2449|83058
Giacomo|Clark|at.velit.Cras@lacus.org|1-142-499-7011|05220
Neville|Dean|justo@liberonec.edu|1-462-194-0554|94674
Risa|Thomas|sagittis@euultrices.edu|1-423-779-0837|36542
Britanni|Sweeney|magna.Sed.eu@malesuada.ca|1-747-921-4356|23632
Wing|Buckner|urna@sodaleseliterat.ca|1-196-109-6860|53707
Eliana|Murray|pretium.et@risus.ca|1-300-548-3192|92851
Jarrod|Melton|mauris.aliquam.eu@adipiscingnonluctus.edu|1-777-237-2203|57189
Anne|Bishop|et.libero.Proin@Integerid.org|1-501-200-6173|96619
Nero|Kennedy|nec@Maecenas.edu|1-241-845-4994|15177
Tyrone|Cash|fames.ac@atvelitCras.edu|1-795-917-3288|72921
Troy|Nunez|turpis@diam.ca|1-920-508-7167|69391
Drew|Robles|Fusce.dolor@elitpretiumet.edu|1-249-351-6408|69230
Tatum|Blair|lorem.vehicula.et@DonecnibhQuisque.com|1-232-842-3638|64738
Rose|Carpenter|libero@magna.ca|1-248-898-9492|76913
Gemma|Baker|Ut.tincidunt.vehicula@natoquepenatibus.com|1-344-685-1666|45330
Germaine|Mullen|a.enim.Suspendisse@velitin.com|1-703-607-2416|65482
Brandon|House|Ut.tincidunt.orci@Donec.ca|1-146-859-4865|26040
Byron|Cain|felis.eget.varius@diamSeddiam.org|1-941-601-7011|97646
Dustin|Alston|dui.lectus.rutrum@pharetraut.ca|1-610-697-9564|34805
Aiko|Fleming|libero@volutpat.com|1-714-761-6577|36422
Beck|Ortiz|arcu.Curabitur.ut@tortor.org|1-778-979-8269|36892
Maggy|Potter|et.libero.Proin@ornareIn.edu|1-639-681-3381|79062
Paloma|Mcknight|enim.non.nisi@senectus.edu|1-448-342-5689|57780
Latifah|Blanchard|Integer@nec.ca|1-305-318-1225|50217
Candice|Bowman|metus.Aenean@utnisia.org|1-966-206-5096|27430
Odysseus|Wilcox|iaculis@Morbi.com|1-755-113-1728|48008
Abbot|Moon|velit.Cras@ornarelectus.org|1-465-595-8333|45252
Latifah|Green|et.malesuada@Donec.edu|1-167-591-4550|10794
Amber|Guzman|faucibus@nonmassanon.edu|1-213-825-5351|10256
Rina|Moody|nunc.Quisque.ornare@orciadipiscingnon.ca|1-142-492-0942|24878
James|Watkins|Vestibulum.ut.eros@eget.edu|1-697-484-8753|92291
Maisie|Chambers|at.libero@Integerurna.org|1-586-446-4533|62659
Cherokee|Shelton|a.dui.Cras@blandit.edu|1-372-868-1330|64619
Victoria|Kelly|elit@risusQuisquelibero.edu|1-609-610-7235|12336
Lucian|Gray|quis.diam@mollisvitaeposuere.com|1-718-985-7928|80063
Harlan|Conrad|Cras.eget.nisi@arcuAliquam.ca|1-162-790-9371|69748
Xyla|Frye|purus.mauris.a@nonquam.com|1-726-570-5612|81985
Oprah|Wong|Integer.urna.Vivamus@variusorciin.ca|1-841-625-5627|65321
Kirk|Juarez|nulla@Donecestmauris.com|1-282-822-3007|69715
Uma|Vazquez|sit.amet.nulla@posuerecubilia.ca|1-673-820-9527|00030
Asher|Buchanan|nunc@amet.ca|1-698-553-7395|77762
Todd|Hudson|velit@ipsumleo.com|1-624-895-8917|62146
Barry|Watkins|felis.eget@pedeNuncsed.com|1-199-294-2304|84374
Kyle|Justice|luctus@ligulaAliquamerat.org|1-446-723-7737|47170
Calvin|Crawford|rutrum.magna.Cras@posuereatvelit.ca|1-182-400-7741|14692
Alden|Osborne|in.molestie.tortor@mollisnon.edu|1-424-320-5013|54221
Mollie|Hess|elit.a@Maurisvelturpis.ca|1-224-168-2824|67317
Lee|Langley|cursus@pedeCumsociis.com|1-107-686-8670|87906
Cyrus|Lyons|lorem.eu.metus@ornare.ca|1-195-204-4354|12799
Kerry|Williamson|sed.est.Nunc@sitametluctus.org|1-310-393-5944|54908
Jamalia|Kaufman|justo.sit.amet@velitAliquamnisl.org|1-725-662-5156|76536
Alvin|Santana|non@ipsum.org|1-141-109-7659|26387
Venus|Kidd|et@non.edu|1-769-821-8922|33909
Kelly|Woodward|laoreet@Curabiturut.org|1-430-412-0106|89268
Kyla|Terry|erat.volutpat.Nulla@adipiscing.ca|1-238-214-6789|21022
Amos|Vega|commodo.tincidunt@lacusEtiambibendum.org|1-624-506-2976|97354
Dieter|Lowery|eu@tincidunttempus.ca|1-937-325-9721|72702
Joel|Mosley|Suspendisse@enimcommodo.ca|1-885-131-3106|48435
Neil|Mayer|enim.diam.vel@Maurisvestibulumneque.com|1-291-334-8227|30962
Alyssa|Dunlap|faucibus@dui.ca|1-634-372-7236|70852
Cadman|Frazier|est@tinciduntvehicula.edu|1-603-854-4307|45017
Idola|Shepherd|sit@nonleoVivamus.org|1-200-254-2603|98431
Karyn|Brown|dictum.mi.ac@necleo.edu|1-439-557-4294|10636
Rana|Noel|auctor.velit.Aliquam@dictumProin.edu|1-761-657-6610|55307
Destiny|Kirk|molestie@consequatauctor.org|1-354-929-0266|22198
Emerson|Walsh|commodo.at@variusultrices.ca|1-304-449-0116|18510
Brynn|Sanford|sem.eget@venenatis.com|1-992-487-2702|37149
Evelyn|Berry|lectus.quis@nisiaodio.org|1-923-564-1930|79996
Yen|Daniel|Nullam.velit.dui@pharetrautpharetra.ca|1-928-567-5277|24043
Isabelle|Kidd|sem.molestie@nequeIn.edu|1-243-982-9622|79221
Aaron|Blackwell|risus.quis.diam@pharetrased.org|1-841-455-8673|71267
Jocelyn|Stout|molestie@sedleoCras.org|1-945-860-8382|27004
Rylee|Hartman|ante.iaculis@lectusCum.edu|1-310-438-8882|79452
Hadley|Quinn|justo.sit.amet@feliseget.org|1-960-415-0382|26304
Cooper|Frazier|posuere.vulputate.lacus@Cras.com|1-572-237-0076|18712
Libby|Higgins|aliquam.iaculis.lacus@non.ca|1-532-424-8796|10610
Hermione|Saunders|et@magnaCrasconvallis.org|1-961-741-7361|03080
Vernon|Kim|pede@tortorNunc.edu|1-600-866-8365|39513
Daryl|Davenport|nec.tellus.Nunc@lacusCras.edu|1-686-791-3174|60853
Jane|Ayala|mi.fringilla.mi@urnajustofaucibus.ca|1-361-397-1130|09040
Scarlet|Simpson|molestie@urnaetarcu.edu|1-340-120-4131|50072
Ivana|Riley|felis@ullamcorpermagnaSed.ca|1-897-146-0494|97549
Sebastian|May|semper@Nullamlobortis.edu|1-889-936-0240|44649
Kalia|Watkins|Aenean.egestas@Morbiaccumsanlaoreet.ca|1-675-911-3201|04806
Donna|Butler|tincidunt.congue@interdumCurabitur.edu|1-561-918-8155|46779
Selma|Tate|Aliquam@Integer.ca|1-920-596-7114|05187
Linus|Hess|quis.diam@lorem.ca|1-197-280-1793|53524
Nadine|Moss|metus.facilisis.lorem@In.org|1-940-341-4324|32059
Aurelia|Thomas|Nullam.suscipit.est@rutrum.ca|1-704-487-1466|00644
Sylvester|Silva|sapien.imperdiet@vulputate.ca|1-166-929-2053|91215
Wyoming|Richmond|ut@sempertellusid.com|1-362-793-2738|30351
Timon|Stanton|Aliquam.erat@liberoMorbiaccumsan.edu|1-587-686-3290|69886
Conan|Patrick|Proin@sollicitudinorcisem.edu|1-839-519-3242|10643
Levi|Leblanc|eget.lacus.Mauris@musAenean.edu|1-287-335-6449|91333
Silas|May|hendrerit.a@turpisegestas.com|1-969-884-4963|87242
Noelle|Hopkins|libero.Donec@egestasa.ca|1-995-481-4310|99749
Harlan|Sampson|Vestibulum.ante.ipsum@Sedet.org|1-761-437-4273|02945
Bruno|Mann|odio.sagittis.semper@consectetuermauris.org|1-504-229-0977|10863
Kenyon|Wolf|imperdiet@malesuada.edu|1-726-631-2962|75384
Alana|Mcintyre|blandit.enim@aliquetliberoInteger.ca|1-197-259-1673|37366
Aaron|Waters|erat@ametmassa.org|1-931-548-9288|94010
Quinn|Malone|gravida@massa.ca|1-967-942-2915|70963
Shaine|Marks|mi.eleifend@Vivamus.ca|1-115-438-0177|71191
Gareth|Lara|quam.quis@ridiculusmus.org|1-912-302-6937|70382
Buffy|Mathis|netus@perconubianostra.ca|1-963-369-6387|07977
Gannon|Key|arcu@Nunccommodo.ca|1-884-962-1417|44708
Kaitlin|Smith|non.hendrerit@actellus.com|1-487-793-4812|19434
Melinda|Brewer|dui@dapibusgravida.edu|1-440-906-4312|82420
Matthew|Maddox|nunc@consectetueradipiscing.edu|1-941-257-0714|04457
Kelsey|Sanchez|Nullam.nisl.Maecenas@metus.org|1-102-377-1865|71788
Stella|Franks|mauris.Integer@convallisdolorQuisque.com|1-653-593-8638|66674
Dennis|Fuentes|metus.eu@dictumeu.ca|1-301-809-8554|04180
Jana|Pittman|Donec.feugiat.metus@molestiearcu.ca|1-872-386-4694|74860
Honorato|Bryan|elementum.dui.quis@dolordapibus.com|1-630-554-0327|46283
Cailin|Hall|massa@Duisatlacus.org|1-846-781-6279|24728
Veda|Baldwin|Maecenas.malesuada@pedeblandit.com|1-986-275-1345|04266
Yetta|Olsen|nonummy.ut.molestie@quis.com|1-164-601-2301|29533
Uta|Welch|massa.rutrum@Uttincidunt.org|1-154-175-8264|24858
Timothy|Owen|massa.Integer.vitae@sitametmassa.org|1-924-428-9905|13995
Macaulay|Hancock|feugiat@scelerisquemollisPhasellus.com|1-790-507-7670|02902
Yvette|Massey|eget.metus@Etiamimperdietdictum.edu|1-423-602-7396|47123
Sasha|Davis|erat.in@ametfaucibus.ca|1-745-453-9581|42115
Cally|Schneider|consectetuer@Aeneanmassa.ca|1-990-485-8823|68753
Katell|Pena|imperdiet@sagittislobortismauris.edu|1-569-525-6056|94583
Ryan|Burt|Mauris.vestibulum@acliberonec.ca|1-387-686-0917|69429
Abdul|Tanner|sollicitudin@etrutrum.ca|1-748-388-6815|73183
Deborah|Massey|a@necmetus.edu|1-570-574-0414|42100
Flynn|Mcleod|interdum.enim@Sedcongueelit.ca|1-395-680-3041|98502
Mariam|Huber|cursus.Integer@Etiamlaoreetlibero.edu|1-817-517-1101|50691
Brian|Avery|magna@dignissimpharetraNam.edu|1-135-742-5606|58179
Caesar|Villarreal|Donec.vitae@Proin.org|1-236-345-0563|38284
Hayden|Jarvis|ac.mattis.velit@ornare.org|1-305-885-0474|08603
Ella|Holden|Cras.dolor@Vestibulum.com|1-719-502-4744|32847
Lionel|Spence|eget.tincidunt.dui@ipsumcursusvestibulum.org|1-280-643-2904|54191
Mohammad|Henry|Duis.at@ullamcorperviverraMaecenas.com|1-492-450-9217|72702
Orli|Jimenez|ut@liberonecligula.edu|1-105-602-9478|04897
Zorita|Perkins|nunc@elitEtiamlaoreet.ca|1-253-472-6937|87881
Kevyn|Parrish|justo.sit.amet@Phasellus.org|1-972-952-7342|70840
Dacey|Chavez|Donec.fringilla@eratvolutpatNulla.ca|1-196-158-8076|71644
Avram|Rose|Proin@auguescelerisquemollis.com|1-825-444-8357|52843
Kibo|Acosta|ut.quam.vel@Nulla.ca|1-645-834-8631|75558
Belle|Frederick|tempus.lorem.fringilla@vestibulumlorem.edu|1-920-742-1285|69246
