Last Name|First Name|E-Mail|Phone|Zip Code
Acosta|Kibo|ut.quam.vel@Nulla.ca|1-645-834-8631|75558
Adkins|Hadley|ac.arcu.Nunc@ornarelectus.ca|1-464-918-3256|26642
Aguilar|Summer|at.lacus@anteblandit.ca|1-235-319-2557|71633
Albert|Hashim|semper@euismod.com|1-881-691-2629|28406
Alexander|Sylvia|mi.enim.condimentum@adipiscingelitCurabitur.com|1-125-988-3251|77899
Alexander|Irene|tempor.est.ac@velpede.org|1-763-352-3593|17950
Alston|Dustin|dui.lectus.rutrum@pharetraut.ca|1-610-697-9564|34805
Alvarado|Melodie|odio.auctor@vitaeodiosagittis.ca|1-945-448-5274|16504
Alvarez|Tyler|nulla.Integer.vulputate@sodales.org|1-327-197-5271|65775
Alvarez|Urielle|Proin@sit.com|1-938-903-9474|77116
Ashley|Lewis|ac.mattis.semper@accumsanlaoreetipsum.org|1-398-491-2731|42278
Avery|Oprah|diam.Pellentesque@duiSuspendisse.com|1-217-422-8530|13792
Avery|Brian|magna@dignissimpharetraNam.edu|1-135-742-5606|58179
Avery|Adara|non@Nullamnisl.edu|1-562-291-2449|56722
Avery|Tasha|sed.dolor@vitae.edu|1-743-169-6429|61309
Ayala|Jane|mi.fringilla.mi@urnajustofaucibus.ca|1-361-397-1130|09040
Bailey|Noel|dictum@ornare.org|1-944-585-4746|35806
Baker|Gemma|Ut.tincidunt.vehicula@natoquepenatibus.com|1-344-685-1666|45330
Baldwin|Olivia|urna@sem.ca|1-204-520-8581|50887
Baldwin|Veda|Maecenas.malesuada@pedeblandit.com|1-986-275-1345|04266
Banks|Kenneth|purus.accumsan@risus.edu|1-724-939-9934|81135
Barrett|Hedley|magna@justoProinnon.edu|1-957-262-1632|89092
Barron|Samuel|Aenean.euismod@mattissemper.org|1-547-220-4113|37771
Barry|Geraldine|eget@a.com|1-924-153-3341|43167
Barry|Oleg|nec.cursus@tinciduntadipiscing.org|1-322-948-8202|27761
Bartlett|Sierra|ultricies.ligula.Nullam@Donecnibhenim.ca|1-893-863-6537|80731
Barton|Hannah|risus.Morbi@Aliquamerat.ca|1-179-392-2411|70697
Bates|Myles|per.inceptos@atauctor.ca|1-100-243-8022|71029
Bates|Anthony|lobortis@Utsagittislobortis.org|1-585-410-6943|44377
Beasley|Harding|Donec.tempor@velitCraslorem.ca|1-548-287-8600|59435
Bender|Ann|tincidunt@augueut.ca|1-961-665-1727|16599
Bender|Blythe|Cum.sociis.natoque@atnisiCum.com|1-150-934-1096|78976
Benjamin|Ima|dignissim.magna@iaculislacuspede.com|1-937-506-7318|36419
Benson|Declan|gravida@tellusid.org|1-963-833-8233|66418
Berg|Kato|ut.cursus.luctus@et.com|1-387-886-0519|32428
Berg|Geoffrey|gravida.Aliquam@lacinia.ca|1-967-185-4062|35872
Berger|Cathleen|nec.tempus@DonectinciduntDonec.org|1-310-698-7576|18176
Berger|Hollee|Donec.non@mollis.edu|1-402-951-9702|54961
Bernard|Yoshio|Fusce@enimCurabiturmassa.com|1-759-425-2385|11341
Bernard|Maggie|dictum@infelisNulla.com|1-516-698-5259|7289
Berry|Evelyn|lectus.quis@nisiaodio.org|1-923-564-1930|79996
Bird|Rhea|nulla.vulputate@dolor.ca|1-996-811-3300|38666
Bishop|Anne|et.libero.Proin@Integerid.org|1-501-200-6173|96619
Blackwell|Aaron|risus.quis.diam@pharetrased.org|1-841-455-8673|71267
Blair|Tatum|lorem.vehicula.et@DonecnibhQuisque.com|1-232-842-3638|64738
Blanchard|Latifah|Integer@nec.ca|1-305-318-1225|50217
Blevins|Colorado|pede.nec.ante@lacus.com|1-775-260-2266|10547
Boone|Teagan|metus.vitae@utodiovel.com|1-845-783-5056|28196
Bowen|Macey|massa.lobortis.ultrices@temporarcuVestibulum.org|1-455-719-2855|18898
Bowen|Jonah|Phasellus.dolor.elit@inhendreritconsectetuer.com|1-546-254-9027|95788
Bowman|Candice|metus.Aenean@utnisia.org|1-966-206-5096|27430
Boyer|Quynn|lectus@nibhlaciniaorci.org|1-524-763-4448|84981
Boyer|Rebecca|lectus@ac.com|1-150-229-4837|85282
Bradford|Nora|iaculis.odio.Nam@nisi.com|1-817-805-8871|29987
Bradley|Steel|id.nunc@nulla.ca|1-900-345-7314|84040
Brewer|Melinda|dui@dapibusgravida.edu|1-440-906-4312|82420
Bridges|Heather|Aliquam.auctor@tinciduntpede.org|1-208-594-1485|85061
Briggs|Christopher|Nunc@Morbi.ca|1-312-745-1819|28376
Brown|Alyssa|Phasellus@tempor.ca|1-380-103-3554|84633
Brown|Karyn|dictum.mi.ac@necleo.edu|1-439-557-4294|10636
Browning|Lunea|vel.arcu@eratsemperrutrum.edu|1-747-914-3887|59223
Bryan|Aidan|magna.malesuada@massaVestibulumaccumsan.org|1-950-938-9897|20206
Bryan|Honorato|elementum.dui.quis@dolordapibus.com|1-630-554-0327|46283
Buchanan|Asher|nunc@amet.ca|1-698-553-7395|77762
Buck|Diana|Cras.eu@risusat.org|1-285-804-4874|73360
Buckley|Eden|ligula.Nullam@amet.com|1-427-346-6438|94378
Buckner|Wing|urna@sodaleseliterat.ca|1-196-109-6860|53707
Bullock|Ruby|non@tempordiam.edu|1-107-917-3600|45030
Burgess|Bianca|cursus.et@auctor.org|1-642-244-9227|54156
Burt|Vivian|in.sodales.elit@pede.ca|1-184-230-4450|74686
Burt|Ryan|Mauris.vestibulum@acliberonec.ca|1-387-686-0917|69429
Burton|Damon|quis.diam.Pellentesque@nunc.ca|1-615-493-2800|83801
Burton|Debra|libero.at.auctor@morbitristiquesenectus.org|1-374-168-7546|22663
Bush|Kaden|sed.dictum.eleifend@pulvinararcuet.com|1-170-684-1407|68887
Butler|Donna|tincidunt.congue@interdumCurabitur.edu|1-561-918-8155|46779
Butler|Karina|a.feugiat@cursusetmagna.ca|1-692-742-9591|33891
Byers|Logan|fermentum.metus.Aenean@molestiepharetra.edu|1-789-394-4370|92580
Cabrera|Brennan|Donec@loremvehicula.com|1-481-846-1723|22171
Cain|Byron|felis.eget.varius@diamSeddiam.org|1-941-601-7011|97646
Cain|Burton|ante.lectus.convallis@convallis.org|1-943-695-7968|21805
Caldwell|Lenore|neque.Nullam@Curae;.org|1-579-849-2937|27124
Calhoun|Shana|quam.Curabitur.vel@pellentesque.edu|1-886-360-1913|12987
Callahan|Ira|et.eros.Proin@semmagna.com|1-220-328-2295|42770
Callahan|Jescie|dapibus.quam.quis@tempusmauris.ca|1-818-990-2513|68834
Camacho|Knox|sollicitudin.a@telluseu.ca|1-552-206-3730|92749
Campos|Ryan|nisi.Mauris@primis.org|1-995-237-7753|51571
Campos|Hasad|torquent.per.conubia@tincidunt.edu|1-822-426-8113|24061
Cannon|Tara|massa.Mauris@enimgravidasit.org|1-735-871-7420|73956
Cardenas|Winter|Sed.neque@ornareplacerat.com|1-729-713-2050|77814
Carpenter|Rose|libero@magna.ca|1-248-898-9492|76913
Carver|Cullen|lectus@Phasellusdolorelit.ca|1-648-406-3981|13015
Casey|Beverly|rhoncus.Donec.est@liberoat.org|1-181-728-0063|63191
Cash|Tyrone|fames.ac@atvelitCras.edu|1-795-917-3288|72921
Castaneda|Penelope|blandit.viverra.Donec@purusin.org|1-922-461-3900|29757
Castillo|Clayton|Fusce.dolor.quam@ametdapibus.edu|1-757-890-8220|12654
Cervantes|Deanna|eget.tincidunt@libero.org|1-702-346-8292|33883
Cervantes|Lenore|nonummy@NullafacilisiSed.ca|1-548-993-7555|36574
Chambers|Maisie|at.libero@Integerurna.org|1-586-446-4533|62659
Chan|India|Sed.congue@Aliquamultricesiaculis.com|1-604-832-1991|9635
Chang|Keelie|eu.turpis.Nulla@ametanteVivamus.ca|1-397-290-9473|20987
Chapman|Abigail|orci@velest.com|1-208-830-6435|18786
Chavez|Dacey|Donec.fringilla@eratvolutpatNulla.ca|1-196-158-8076|71644
Clark|Giacomo|at.velit.Cras@lacus.org|1-142-499-7011|05220
Clark|Yardley|enim@viverraDonec.com|1-448-198-7695|36984
Clay|Lyle|posuere.cubilia.Curae;@perinceptos.edu|1-535-658-0834|93344
Clay|Sybill|neque.Nullam@duiFusce.ca|1-568-708-6594|49811
Clements|Sopoline|cursus@vel.ca|1-463-743-7676|5603
Cleveland|Teagan|Cras@purus.ca|1-461-616-3978|62482
Cline|Marvin|cursus.et.magna@sedtortor.edu|1-926-675-9819|76766
Cline|Murphy|Nam@neque.ca|1-888-258-3674|31579
Colon|Scarlet|sem@mollis.edu|1-105-857-5489|30319
Combs|Seth|Nulla.aliquet.Proin@ipsumprimis.ca|1-692-692-4227|29773
Combs|Otto|augue.malesuada@ametloremsemper.ca|1-979-628-5014|54082
Combs|Amber|dignissim.lacus.Aliquam@egetvenenatisa.edu|1-313-617-6886|36041
Conley|Martha|vulputate.velit.eu@ultrices.org|1-134-938-1663|93464
Conrad|Xerxes|semper@pede.ca|1-930-554-7270|74357
Conrad|Harlan|Cras.eget.nisi@arcuAliquam.ca|1-162-790-9371|69748
Contreras|Quon|amet.metus.Aliquam@uterosnon.com|1-392-976-6969|85234
Contreras|Maia|Suspendisse.ac.metus@accumsan.edu|1-591-189-6665|30136
Contreras|Addison|auctor.velit.Aliquam@eueuismod.com|1-936-970-5012|75792
Conway|Mona|parturient@Nunc.org|1-536-464-5602|39545
Cook|Zachery|erat@ac.com|1-731-487-8128|91585
Copeland|Arsenio|sapien@metussit.com|1-979-465-0725|51527
Cotton|Berk|Donec@vulputateullamcorper.edu|1-497-954-1876|92806
Cotton|Marah|lorem.ut@Nullamutnisi.edu|1-986-511-5420|54491
Cox|Timon|nisl@sitamet.edu|1-732-853-9649|25989
Craig|Fatima|urna.Ut@aauctornon.ca|1-985-242-8564|03336
Crawford|Calvin|rutrum.magna.Cras@posuereatvelit.ca|1-182-400-7741|14692
Cruz|Howard|elit.dictum@Phasellusin.com|1-372-928-3318|28436
Cummings|Idola|egestas@tinciduntadipiscingMauris.ca|1-170-927-1431|57133
Curtis|Petra|Curabitur.ut.odio@Suspendisse.com|1-887-784-6411|79722
Dale|Gloria|adipiscing.non.luctus@penatibuset.com|1-161-634-1635|26823
Daniel|Isaiah|Aenean@Duisat.org|1-452-579-5351|06338
Daniel|Yen|Nullam.velit.dui@pharetrautpharetra.ca|1-928-567-5277|24043
Davenport|Daryl|nec.tellus.Nunc@lacusCras.edu|1-686-791-3174|60853
Davidson|Vivien|vitae.erat.vel@metus.org|1-477-761-3500|9850
Davis|Sasha|erat.in@ametfaucibus.ca|1-745-453-9581|42115
Day|Myles|lacus.Quisque.purus@Donecestmauris.edu|1-192-150-7060|37881
Dean|Neville|justo@liberonec.edu|1-462-194-0554|94674
Dejesus|Amena|consectetuer@atnisiCum.org|1-453-753-8605|75451
Delaney|Garth|nulla.vulputate@idsapien.com|1-421-336-3858|45125
Delgado|Hilary|magna.Sed.eu@Aeneaneget.edu|1-712-759-8427|46231
Delgado|Chandler|Quisque.porttitor@consequatlectussit.org|1-560-790-9160|66631
Dickson|Hayes|tristique.senectus@Donecegestas.org|1-649-532-3635|47012
Dillon|Amery|convallis.in.cursus@elitAliquam.com|1-731-335-6150|33471
Dixon|Bernard|amet.nulla@Suspendisseacmetus.org|1-836-704-2687|69187
Donaldson|Minerva|Nunc@dictumeu.com|1-316-767-0303|89299
Dotson|Sloane|laoreet.ipsum@ultriciesdignissimlacus.edu|1-713-799-2422|19388
Dunlap|Alyssa|faucibus@dui.ca|1-634-372-7236|70852
Durham|Willow|in.consectetuer@dapibusligulaAliquam.org|1-587-425-0604|20610
Dyer|Jerry|rhoncus.Nullam@Vivamusnonlorem.edu|1-532-204-6717|31614
Dyer|Kiona|sagittis.lobortis.mauris@Etiam.com|1-521-329-0762|41881
Dyer|Evan|Ut@ornareegestas.org|1-798-977-1536|25891
Elliott|Thaddeus|eleifend@nibhDonec.com|1-901-898-7888|58083
Ellis|Arsenio|scelerisque@enim.ca|1-450-964-1979|61095
Ellison|Miranda|sit.amet@eleifendnondapibus.ca|1-333-415-4845|86423
Emerson|Glenna|dis.parturient@Nullamsuscipit.org|1-875-280-4213|13760
England|Christen|volutpat.ornare@gravida.ca|1-728-832-0810|48952
Espinoza|Sierra|est.mauris.rhoncus@egetipsumSuspendisse.com|1-774-783-9313|94877
Farmer|Alice|Sed.neque.Sed@tellus.org|1-201-309-5896|89223
Fernandez|Hollee|montes.nascetur.ridiculus@nisl.edu|1-326-377-0511|76233
Ferrell|Dolan|hendrerit@faucibusMorbivehicula.ca|1-121-175-8162|58760
Figueroa|Yoshi|Cras@lobortistellusjusto.edu|1-555-365-7373|15494
Fitzpatrick|Mara|eu.accumsan.sed@ametanteVivamus.com|1-485-535-3856|96000
Fleming|Aiko|libero@volutpat.com|1-714-761-6577|36422
Foley|Joan|Cras.vehicula.aliquet@arcuSed.com|1-742-687-3440|75001
Ford|Kelsey|luctus@ametante.ca|1-349-370-9229|40954
Ford|Iris|non.lobortis@ipsumdolor.com|1-913-119-2227|81530
Fox|Jescie|orci.adipiscing.non@luctusutpellentesque.edu|1-697-269-7526|90897
Franklin|Phyllis|Sed@justonecante.org|1-127-403-0372|06145
Franks|Josephine|sapien.molestie@necurna.ca|1-990-232-6162|24854
Franks|Stella|mauris.Integer@convallisdolorQuisque.com|1-653-593-8638|66674
Franks|Boris|dictum.eu.eleifend@Nullaegetmetus.edu|1-587-585-3896|5826
Frazier|Evangeline|magna@ultricies.edu|1-671-497-2631|32006
Frazier|Cadman|est@tinciduntvehicula.edu|1-603-854-4307|45017
Frazier|Cooper|posuere.vulputate.lacus@Cras.com|1-572-237-0076|18712
Frederick|Belle|tempus.lorem.fringilla@vestibulumlorem.edu|1-920-742-1285|69246
Fry|Maggy|non.bibendum@loremluctusut.com|1-412-551-5515|13938
Frye|Xyla|purus.mauris.a@nonquam.com|1-726-570-5612|81985
Fuentes|Plato|vehicula.Pellentesque.tincidunt@cursus.com|1-268-827-9512|39251
Fuentes|Dennis|metus.eu@dictumeu.ca|1-301-809-8554|04180
Gaines|Kevin|neque.venenatis@ac.org|1-459-903-9621|34982
Gallegos|Ocean|ac.urna.Ut@purus.com|1-131-912-4427|13488
Galloway|Veronica|ante.ipsum@massa.edu|1-968-656-9327|61580
Garcia|Pandora|lorem@mauriselitdictum.edu|1-615-159-6580|25839
Garcia|Jerome|lobortis.tellus.justo@vitaeorci.edu|1-112-764-2246|6185
Gardner|Brady|quis.pede@semmagnanec.com|1-862-900-8616|51105
Garrett|Quon|malesuada.id@nunc.org|1-174-943-1532|39572
Gates|Reuben|Nulla@fringillacursus.org|1-603-805-2392|18665
Gay|Gannon|consectetuer.mauris@arcuacorci.com|1-809-649-1280|52205
Gentry|Ella|non.nisi.Aenean@dolorsit.ca|1-526-651-8395|39020
Gentry|Tatiana|faucibus@eratvolutpat.edu|1-107-179-4794|64105
George|Winifred|amet.risus.Donec@auctorquis.ca|1-208-743-6398|45936
Gibson|Gavin|ligula.elit.pretium@Donecsollicitudinadipiscing.com|1-537-450-4705|49722
Gilmore|Miranda|cubilia.Curae;.Donec@scelerisquemollisPhasellus.org|1-286-337-7673|95634
Goff|Quinn|tristique.senectus@rhoncusDonecest.com|1-536-534-6684|38777
Golden|Iola|Nullam@suscipitnonummyFusce.org|1-987-417-5823|17837
Gomez|Sopoline|justo.eu@egestas.com|1-683-181-4867|03146
Goodman|Carol|Suspendisse.aliquet@risus.edu|1-435-142-0018|08142
Goodwin|Beverly|lectus.rutrum.urna@consequatpurus.org|1-779-720-4666|89887
Grant|Alma|taciti@vehicula.edu|1-533-681-5181|33757
Grant|Holly|a.arcu.Sed@infaucibus.org|1-782-903-6752|51777
Gray|Upton|risus.Donec@tristiquesenectuset.edu|1-815-231-4037|20717
Gray|Lucian|quis.diam@mollisvitaeposuere.com|1-718-985-7928|80063
Green|Latifah|et.malesuada@Donec.edu|1-167-591-4550|10794
Greene|Jared|ligula.Aenean.gravida@mollis.com|1-667-653-7452|79471
Grimes|Winifred|augue.malesuada.malesuada@purusmauris.com|1-243-961-1130|66491
Grimes|Winter|eu.nibh@mus.org|1-334-754-1047|77911
Gross|Lucius|nonummy.Fusce.fermentum@interdumCurabitur.edu|1-963-397-2871|85156
Guerrero|Clarke|Aliquam@auguemalesuada.org|1-752-274-1006|59345
Guzman|Amber|faucibus@nonmassanon.edu|1-213-825-5351|10256
Hahn|Britanney|est@tellusSuspendissesed.org|1-543-168-5745|97192
Hall|Cailin|massa@Duisatlacus.org|1-846-781-6279|24728
Hancock|Amanda|in.tempus@velitSedmalesuada.ca|1-562-226-4080|53217
Hancock|Macaulay|feugiat@scelerisquemollisPhasellus.com|1-790-507-7670|02902
Haney|Vernon|sit.amet@Loremipsum.ca|1-948-408-2476|17891
Hardin|Bruno|iaculis@Inscelerisque.ca|1-154-940-2904|70656
Harper|Gabriel|auctor.vitae@fermentumarcuVestibulum.ca|1-592-235-8554|18990
Harper|Tara|augue.id.ante@vehiculaetrutrum.org|1-357-424-8896|28597
Harrison|Brittany|risus.Duis@ante.edu|1-884-211-0101|14965
Hartman|Rylee|ante.iaculis@lectusCum.edu|1-310-438-8882|79452
Hatfield|Gillian|lacus.Aliquam@Maecenas.com|1-217-797-4327|71338
Haynes|Benedict|et@lectusCum.org|1-633-842-0047|57281
Henderson|Chandler|Ut.sagittis@sollicitudina.org|1-911-130-5762|88824
Hendricks|Kevyn|pretium.neque.Morbi@sedestNunc.com|1-703-201-2806|40203
Hendrix|Kimberly|nec.ante@arcuNuncmauris.com|1-512-377-7342|10664
Henry|Mohammad|Duis.at@ullamcorperviverraMaecenas.com|1-492-450-9217|72702
Hensley|Emi|non.enim@Nulladignissim.org|1-251-731-6394|16027
Herring|Grady|luctus.vulputate.nisi@feugiat.com|1-124-119-7519|41464
Hess|Mollie|elit.a@Maurisvelturpis.ca|1-224-168-2824|67317
Hess|Linus|quis.diam@lorem.ca|1-197-280-1793|53524
Higgins|Libby|aliquam.iaculis.lacus@non.ca|1-532-424-8796|10610
Hinton|Vernon|turpis.egestas@euismodindolor.edu|1-492-189-9595|88377
Hodge|Inga|sem@morbi.ca|1-902-639-4031|11102
Hodge|Althea|lacus@metusAliquamerat.com|1-955-928-4243|41308
Hodges|Mollie|morbi@ante.ca|1-220-789-4477|48675
Hoffman|Wanda|vehicula.Pellentesque@rhoncusid.edu|1-634-452-9931|4702
Holcomb|George|mattis@Sedegetlacus.edu|1-717-525-5772|11422
Holden|Ella|Cras.dolor@Vestibulum.com|1-719-502-4744|32847
Holmes|Cheyenne|a.aliquet.vel@ornaresagittisfelis.com|1-127-720-0807|91517
Hooper|Rinah|Etiam.gravida@duiSuspendisseac.org|1-270-402-5842|53667
Hoover|Kitra|egestas.Aliquam@Utnecurna.org|1-979-801-4430|13019
Hopkins|Rae|risus.Morbi.metus@egestaslaciniaSed.ca|1-823-904-1741|22536
Hopkins|Noelle|libero.Donec@egestasa.ca|1-995-481-4310|99749
Hopper|Zena|vitae.posuere.at@sed.edu|1-908-441-8262|33868
Horn|Mechelle|at@Praesenteudui.edu|1-709-304-0032|90851
Horn|McKenzie|placerat.augue@nibh.edu|1-486-726-7847|47112
House|Brandon|Ut.tincidunt.orci@Donec.ca|1-146-859-4865|26040
Houston|Walter|dui.Fusce@commodoauctor.ca|1-933-459-0339|14347
Huber|Sonia|Curabitur.sed.tortor@Vestibulum.ca|1-566-421-8842|91410
Huber|Mariam|cursus.Integer@Etiamlaoreetlibero.edu|1-817-517-1101|50691
Hudson|Todd|velit@ipsumleo.com|1-624-895-8917|62146
Hurst|Abdul|sapien.gravida@MaurismagnaDuis.com|1-575-705-0981|56675
Hutchinson|Morgan|vitae.aliquam@bibendumfermentum.ca|1-482-756-3248|66976
Ingram|Laurel|dolor.Nulla@lacinia.ca|1-114-839-4753|39089
Irwin|Rudyard|pede.Cum.sociis@Praesenteu.edu|1-199-560-3568|95447
Irwin|Amir|rhoncus@adipiscing.ca|1-361-216-0334|3348
Jackson|Abdul|malesuada@in.org|1-731-117-7140|81892
Jarvis|Hayden|ac.mattis.velit@ornare.org|1-305-885-0474|08603
Jefferson|Mariko|lobortis@tortoratrisus.ca|1-230-570-6850|60537
Jimenez|Orli|ut@liberonecligula.edu|1-105-602-9478|04897
Joyce|Brielle|rhoncus@risusvarius.com|1-823-789-2771|67433
Joyce|Vivien|lacus.Ut.nec@acfeugiatnon.org|1-747-585-5263|32746
Joyner|Jaime|Mauris.blandit.enim@ad.edu|1-593-474-7341|44661
Juarez|Kirk|nulla@Donecestmauris.com|1-282-822-3007|69715
Juarez|Tyrone|auctor.odio.a@consectetueradipiscing.edu|1-470-284-8010|50618
Justice|Hammett|sit@sitamet.com|1-112-729-7906|96600
Justice|Kyle|luctus@ligulaAliquamerat.org|1-446-723-7737|47170
Kaufman|Jamalia|justo.sit.amet@velitAliquamnisl.org|1-725-662-5156|76536
Kelley|Maxwell|nec@maurisut.com|1-441-135-3816|67644
Kelly|Susan|Cum.sociis.natoque@Suspendisse.ca|1-133-504-8850|33281
Kelly|Victoria|elit@risusQuisquelibero.edu|1-609-610-7235|12336
Kemp|Violet|sociis@nonummy.ca|1-407-659-5654|24345
Kemp|Daniel|torquent.per@Maecenasiaculisaliquet.edu|1-406-335-7389|88019
Kennedy|Shelby|dictum@utsemNulla.edu|1-589-228-9843|30915
Kennedy|Nero|nec@Maecenas.edu|1-241-845-4994|15177
Kent|Nash|non.bibendum.sed@blandit.edu|1-951-642-8150|60522
Kerr|Irma|vestibulum.nec.euismod@egetmollis.ca|1-787-766-4031|2888
Kerr|Jacob|ante.lectus.convallis@cursusdiam.ca|1-133-881-0467|50058
Key|Gannon|arcu@Nunccommodo.ca|1-884-962-1417|44708
Kidd|Venus|et@non.edu|1-769-821-8922|33909
Kidd|Isabelle|sem.molestie@nequeIn.edu|1-243-982-9622|79221
Kidd|Quail|Nulla@habitant.org|1-917-408-3747|62454
Kim|Vernon|pede@tortorNunc.edu|1-600-866-8365|39513
King|Amber|cursus.luctus.ipsum@vitaesodalesat.edu|1-712-656-8437|97930
Kirk|Jin|est.tempor@facilisisfacilisis.ca|1-343-401-5064|87775
Kirk|Destiny|molestie@consequatauctor.org|1-354-929-0266|22198
Kirkland|Abel|pede.nec@tempordiamdictum.com|1-420-265-2238|53351
Kirkland|Kamal|dui@id.org|1-194-813-0401|05059
Kirkland|Amal|tincidunt.adipiscing.Mauris@senectus.org|1-687-552-4927|14765
Klein|Nina|amet.massa.Quisque@ipsumsodalespurus.edu|1-427-989-3146|41102
Kline|Marah|lorem.luctus.ut@aliquet.com|1-101-105-8099|59885
Knapp|Thor|ridiculus.mus@Sedegetlacus.ca|1-248-571-3686|31717
Knox|Scarlet|a.feugiat@ipsumSuspendisse.ca|1-727-419-0176|22008
Lamb|Julian|vulputate@tellusimperdiet.edu|1-737-306-6443|15721
Lambert|Mari|posuere.cubilia@justo.com|1-137-775-4637|37454
Landry|Noble|dui.Cum@Ut.ca|1-381-741-9652|86041
Landry|Kiona|Cras@feugiatnec.edu|1-559-232-0222|35039
Langley|Lee|cursus@pedeCumsociis.com|1-107-686-8670|87906
Lara|Gareth|quam.quis@ridiculusmus.org|1-912-302-6937|70382
Larsen|Kimberly|et.commodo@Fuscemollis.org|1-865-843-4530|57463
Larson|Ahmed|Curabitur.dictum@nec.com|1-656-526-9630|40179
Leblanc|Levi|eget.lacus.Mauris@musAenean.edu|1-287-335-6449|91333
Lee|Hunter|urna.Nullam@velpede.edu|1-749-921-8857|43757
Leon|Geraldine|risus.Donec.nibh@perconubia.com|1-433-870-2989|98047
Levy|Nayda|vehicula.et.rutrum@loremsemperauctor.org|1-568-937-9830|23533
Logan|Jolie|posuere@ami.edu|1-471-388-6024|25156
Long|Ingrid|egestas.Aliquam@necurnaet.edu|1-490-398-9798|87830
Lott|Giacomo|egestas.lacinia@rutrumloremac.com|1-867-725-0603|49496
Lowery|Eagan|urna@quam.org|1-596-991-5638|60285
Lowery|Dieter|eu@tincidunttempus.ca|1-937-325-9721|72702
Lyons|Cyrus|lorem.eu.metus@ornare.ca|1-195-204-4354|12799
Lyons|Honorato|a.scelerisque@eu.ca|1-877-361-0269|17076
Macias|Damon|In.at.pede@acipsum.edu|1-141-889-8931|20146
Maddox|Matthew|nunc@consectetueradipiscing.edu|1-941-257-0714|04457
Malone|Quinn|gravida@massa.ca|1-967-942-2915|70963
Malone|Dawn|ipsum.dolor.sit@eu.com|1-561-673-1219|75862
Mann|Bruno|odio.sagittis.semper@consectetuermauris.org|1-504-229-0977|10863
Manning|Jenna|ullamcorper@urnaconvalliserat.edu|1-205-250-7300|99803
Marks|Shaine|mi.eleifend@Vivamus.ca|1-115-438-0177|71191
Marquez|Cole|eu.odio.tristique@blandit.com|1-232-824-2727|20353
Marsh|Claudia|arcu.Sed@loremauctorquis.edu|1-692-676-8911|77375
Martin|Katell|Mauris.quis.turpis@convallisin.ca|1-354-537-6188|57101
Martinez|Lysandra|In.nec.orci@ligulaNullam.ca|1-860-780-7855|93121
Mason|Haviva|et@adipiscingnon.ca|1-431-721-7457|65650
Massey|Jana|at.pretium@ipsumcursusvestibulum.org|1-870-423-2275|70080
Massey|Jaden|ipsum.ac@velmauris.com|1-119-189-6579|76379
Massey|Yvette|eget.metus@Etiamimperdietdictum.edu|1-423-602-7396|47123
Massey|Deborah|a@necmetus.edu|1-570-574-0414|42100
Mathews|Maya|sagittis@nunc.org|1-358-991-1511|25892
Mathis|Cailin|Suspendisse@miloremvehicula.com|1-663-266-4660|17083
Mathis|Buffy|netus@perconubianostra.ca|1-963-369-6387|07977
Matthews|Gemma|Curabitur@pede.com|1-797-793-0700|8323
May|Kylynn|fringilla.cursus.purus@pedesagittisaugue.ca|1-783-725-2825|26708
May|Jonah|Donec.est.mauris@utpellentesque.ca|1-205-563-5537|44757
May|Sebastian|semper@Nullamlobortis.edu|1-889-936-0240|44649
May|Silas|hendrerit.a@turpisegestas.com|1-969-884-4963|87242
Mayer|Neil|enim.diam.vel@Maurisvestibulumneque.com|1-291-334-8227|30962
Mayer|Kylan|tincidunt.neque.vitae@ornareliberoat.ca|1-735-195-3899|95596
Mayer|Jenette|fringilla.porttitor@leoVivamusnibh.edu|1-696-323-0869|91717
Maynard|Rhoda|Mauris.molestie@sitamet.com|1-257-442-3606|27181
Mcclain|Yuli|sem.ut.cursus@nuncsit.ca|1-334-250-4424|71326
Mccormick|Regan|a.neque@orcisem.edu|1-197-460-4261|3813
Mccray|Shafira|mi.lacinia@facilisi.ca|1-398-704-4265|98373
Mccray|Rama|sollicitudin.commodo.ipsum@sedtortor.com|1-764-927-6264|70017
Mccullough|Kelly|Mauris@elementumategestas.org|1-662-548-3116|42223
Mccullough|Merrill|auctor@dolor.edu|1-190-693-4106|90580
Mcdowell|Destiny|Sed@nectellus.ca|1-239-926-8742|66327
Mcfadden|Joshua|consectetuer.ipsum@egestaslacinia.com|1-832-129-9397|9348
Mcgowan|Hedda|Nullam.ut.nisi@penatibus.ca|1-684-616-0474|66294
Mcguire|Rhoda|dignissim@purusaccumsaninterdum.ca|1-124-167-1320|19176
Mcintyre|Alana|blandit.enim@aliquetliberoInteger.ca|1-197-259-1673|37366
Mckay|Jayme|dui.nec@vitaediam.org|1-538-826-9368|19064
Mckay|Sybil|dui.nec@libero.edu|1-580-932-6490|7772
Mcknight|Paloma|enim.non.nisi@senectus.edu|1-448-342-5689|57780
Mclean|Phoebe|luctus@eratnequenon.ca|1-664-450-4871|73046
Mcleod|Flynn|interdum.enim@Sedcongueelit.ca|1-395-680-3041|98502
Mcmillan|Quinn|nec@luctusutpellentesque.ca|1-915-928-3488|01779
Mcneil|Kim|a.enim.Suspendisse@natoque.ca|1-845-551-6438|90806
Medina|Bruce|eros.non@nisl.org|1-658-824-3663|47511
Medina|Hyacinth|enim.Etiam.imperdiet@Quisque.org|1-482-226-3605|77958
Melendez|Kasimir|sodales@mienimcondimentum.edu|1-347-834-2449|83058
Melton|Jarrod|mauris.aliquam.eu@adipiscingnonluctus.edu|1-777-237-2203|57189
Merrill|Sasha|sagittis.Duis.gravida@acnulla.com|1-682-850-5085|67947
Merritt|Zelda|scelerisque.neque@eueuismodac.org|1-809-193-6580|64175
Merritt|Kaitlin|mauris@ultricesVivamusrhoncus.edu|1-450-387-3385|74706
Meyers|Hedwig|Quisque.tincidunt.pede@Nunc.com|1-507-554-2779|98189
Meyers|Callum|ac@sodalesMauris.edu|1-468-767-0587|66276
Michael|Cruz|egestas.ligula@ut.org|1-969-488-8635|48598
Michael|Chase|lorem.eget.mollis@eratvolutpatNulla.ca|1-574-437-2810|32879
Mills|Kibo|et.libero.Proin@sociisnatoque.ca|1-387-260-3698|46140
Monroe|Xanthus|Duis.mi.enim@maurisanunc.org|1-380-328-1686|79011
Montoya|Anthony|montes@mauris.com|1-215-828-4245|84103
Moody|Iliana|Donec.consectetuer.mauris@Fuscealiquetmagna.edu|1-948-750-3471|23538
Moody|Leroy|Sed.pharetra.felis@utaliquam.org|1-435-355-7119|62758
Moody|Rina|nunc.Quisque.ornare@orciadipiscingnon.ca|1-142-492-0942|24878
Moody|Phoebe|arcu@sociisnatoque.org|1-503-848-0949|49052
Moon|Abbot|velit.Cras@ornarelectus.org|1-465-595-8333|45252
Moreno|Gay|Phasellus.dapibus@vitaeerat.ca|1-144-828-3788|90055
Moreno|Adam|ac.eleifend@molestietellus.ca|1-439-816-2447|25375
Morris|Eugenia|Duis.risus@adipiscing.ca|1-520-625-7357|59896
Morrison|Wylie|est.mauris@milorem.edu|1-601-512-9558|36942
Morrison|Hadley|est.tempor@etmagnis.edu|1-638-796-2635|66387
Morrow|Sigourney|Mauris.nulla@sempercursus.edu|1-789-347-8080|40526
Morse|Kelsey|diam@tortoratrisus.edu|1-135-568-2866|58947
Morse|Uma|egestas.Fusce.aliquet@elitpretiumet.org|1-175-182-8799|94765
Mosley|Joel|Suspendisse@enimcommodo.ca|1-885-131-3106|48435
Moss|Nadine|metus.facilisis.lorem@In.org|1-940-341-4324|32059
Mullen|Germaine|a.enim.Suspendisse@velitin.com|1-703-607-2416|65482
Murray|Eliana|pretium.et@risus.ca|1-300-548-3192|92851
Myers|Velma|nisi.Aenean.eget@NullaaliquetProin.org|1-366-456-8523|64993
Neal|Graham|placerat.orci@doloregestasrhoncus.edu|1-693-644-4722|90965
Neal|Sybil|tellus.imperdiet.non@Fuscediamnunc.ca|1-102-600-3489|80767
Nelson|Wang|risus.Donec.egestas@leoelementumsem.org|1-360-486-1108|37197
Newman|Abigail|consectetuer@enimnectempus.org|1-732-314-2101|94458
Nielsen|Reece|nunc.Quisque.ornare@etlacinia.org|1-121-755-7626|50331
Noble|Hayden|Donec.tempus.lorem@velest.org|1-348-586-1906|33016
Noel|Rana|auctor.velit.Aliquam@dictumProin.edu|1-761-657-6610|55307
Norton|Lawrence|Duis.cursus@at.org|1-675-411-0075|39210
Norton|Reece|enim.nisl.elementum@etnetuset.edu|1-433-197-1073|40662
Nunez|Dominic|Morbi@sapienimperdiet.ca|1-873-432-9016|58571
Nunez|Troy|turpis@diam.ca|1-920-508-7167|69391
Oconnor|Dane|Nunc@loremeumetus.edu|1-773-948-3593|90248
Olsen|Armando|fames.ac.turpis@enimcommodo.org|1-943-218-5506|83261
Olsen|Yetta|nonummy.ut.molestie@quis.com|1-164-601-2301|29533
Oneil|Lareina|felis.adipiscing@magnaa.edu|1-746-351-6616|52405
Ortega|Walter|at.nisi.Cum@est.edu|1-340-913-1148|80435
Ortiz|Beck|arcu.Curabitur.ut@tortor.org|1-778-979-8269|36892
Osborn|Marcia|eu@euarcu.edu|1-620-966-8883|79855
Osborne|Alden|in.molestie.tortor@mollisnon.edu|1-424-320-5013|54221
Owen|Timothy|massa.Integer.vitae@sitametmassa.org|1-924-428-9905|13995
Owens|Guinevere|lorem.auctor.quis@disparturientmontes.ca|1-999-710-4387|10292
Pacheco|Wynter|nec@Integersem.ca|1-205-568-0345|38764
Pacheco|Kaden|augue@nislNullaeu.com|1-434-492-6377|37889
Pacheco|Quincy|sed.est@Sedetlibero.com|1-972-284-2863|30440
Park|Stuart|dolor@fermentumrisus.edu|1-401-606-3559|32315
Parks|Fallon|libero@ac.edu|1-492-390-4113|18499
Parks|Dacey|non.dapibus.rutrum@risus.com|1-445-524-9885|50537
Parrish|Kevyn|justo.sit.amet@Phasellus.org|1-972-952-7342|70840
Patrick|Conan|Proin@sollicitudinorcisem.edu|1-839-519-3242|10643
Patton|Camilla|blandit.Nam@metusVivamuseuismod.edu|1-978-437-6436|80238
Paul|Carl|tortor@convalliserateget.org|1-838-969-0343|80436
Payne|James|lacus.Ut.nec@convallisligulaDonec.org|1-720-890-4924|30513
Peck|Samantha|erat.Sed.nunc@leoelementum.ca|1-213-611-1569|39748
Peck|Rhona|ante.Nunc@tincidunt.com|1-521-958-6104|3795
Pena|Katell|imperdiet@sagittislobortismauris.edu|1-569-525-6056|94583
Perkins|Zorita|nunc@elitEtiamlaoreet.ca|1-253-472-6937|87881
Peterson|Brandon|scelerisque@ipsumdolor.com|1-567-655-2822|42252
Phelps|Roary|sit.amet.massa@euismod.ca|1-355-293-9938|37829
Phillips|Miriam|magna.nec.quam@Pellentesqueut.edu|1-338-350-3978|28392
Pittman|Samson|nonummy.ipsum.non@Duissitamet.com|1-789-369-8902|70226
Pittman|Jana|Donec.feugiat.metus@molestiearcu.ca|1-872-386-4694|74860
Pitts|Orla|egestas.a@purusac.org|1-669-615-1806|02059
Potter|Maggy|et.libero.Proin@ornareIn.edu|1-639-681-3381|79062
Preston|Aline|Mauris.blandit@eget.com|1-953-395-3471|32827
Preston|Eugenia|semper.erat@rutrum.ca|1-454-927-7931|13416
Price|Ashely|Nulla.semper.tellus@inceptoshymenaeos.org|1-550-718-0892|90482
Pruitt|Hamilton|tincidunt.vehicula@venenatisa.ca|1-825-682-6021|96921
Puckett|Maxwell|egestas@lacusMaurisnon.org|1-360-201-2478|33518
Quinn|Hadley|justo.sit.amet@feliseget.org|1-960-415-0382|26304
Ramos|Keaton|Curabitur.ut.odio@congueelitsed.edu|1-987-991-9266|21549
Rasmussen|Vera|ante.ipsum.primis@intempuseu.ca|1-640-971-9692|76784
Ratliff|Genevieve|libero.Morbi.accumsan@Nuncquisarcu.ca|1-657-371-6130|25751
Reeves|Rudyard|tristique.neque@mollisnec.com|1-457-251-0488|55705
Reilly|Anthony|dis@euismodmauriseu.org|1-433-580-9635|04083
Reilly|Graiden|bibendum.ullamcorper@doloregestas.com|1-625-998-5879|25307
Reilly|Keane|mattis@Mauriseuturpis.ca|1-264-782-1061|95269
Reyes|Lareina|sem.vitae.aliquam@egestasFusce.org|1-845-977-7060|76800
Rhodes|Allistair|enim.nisl@Proinegetodio.edu|1-769-707-7571|36580
Richmond|Allegra|Sed.id@porttitorinterdumSed.edu|1-583-399-9061|27202
Richmond|Wyoming|ut@sempertellusid.com|1-362-793-2738|30351
Riley|Ivana|felis@ullamcorpermagnaSed.ca|1-897-146-0494|97549
Riley|Danielle|leo@eu.com|1-494-268-4653|83036
Riley|Astra|in@cubiliaCurae;Phasellus.ca|1-561-165-9051|53385
Rivas|Maris|Donec.elementum.lorem@aauctornon.ca|1-765-552-1487|15276
Rivers|Stacey|Nam@Nullam.edu|1-953-239-6735|10428
Roach|Nathaniel|bibendum@lobortisClass.org|1-697-993-1252|29722
Robertson|Aimee|egestas.ligula.Nullam@euelit.com|1-418-723-7021|62696
Robles|Drew|Fusce.dolor@elitpretiumet.edu|1-249-351-6408|69230
Robles|Amaya|lobortis@malesuadaaugueut.edu|1-175-732-4614|79591
Rocha|Britanni|facilisis.non.bibendum@enimnon.org|1-753-248-9747|58600
Rollins|Garrett|neque.pellentesque@habitant.ca|1-643-475-4155|65855
Rollins|Eden|Integer@dictumeleifend.ca|1-132-886-1781|56910
Roman|Maggie|et@SuspendisseduiFusce.edu|1-177-122-3874|58068
Romero|Casey|Mauris@rutrumeu.ca|1-450-693-7862|69389
Rosales|Tasha|eget.mollis@nibhQuisquenonummy.edu|1-604-338-3357|92081
Rose|Avram|Proin@auguescelerisquemollis.com|1-825-444-8357|52843
Rose|Byron|a.aliquet.vel@vitaerisusDuis.ca|1-611-147-6163|82725
Roth|Paki|metus@lorem.org|1-887-658-9601|39144
Rowe|Baker|Integer.sem.elit@mollisvitae.com|1-815-402-6198|78492
Rowland|Ulysses|egestas@nonlobortis.edu|1-247-962-7653|17779
Roy|Hermione|Cras.vehicula@tellusfaucibus.com|1-519-657-2916|55618
Roy|Walter|ante.Nunc.mauris@lorem.ca|1-104-634-8363|10346
Russell|Justina|velit.Cras.lorem@cursus.com|1-649-503-7460|58878
Russo|Justine|egestas.blandit@arcu.ca|1-854-554-7593|36325
Salas|Kameko|eu.metus@aceleifend.org|1-637-509-8725|1647
Sampson|Harlan|Vestibulum.ante.ipsum@Sedet.org|1-761-437-4273|02945
Sanchez|Kelsey|Nullam.nisl.Maecenas@metus.org|1-102-377-1865|71788
Sanford|Riley|amet.ante.Vivamus@tempuseuligula.com|1-715-930-5478|53059
Sanford|Brynn|sem.eget@venenatis.com|1-992-487-2702|37149
Sanford|Eleanor|Vivamus@lacusCras.com|1-184-186-7250|51445
Santana|Alvin|non@ipsum.org|1-141-109-7659|26387
Santos|Josiah|vulputate.nisi@facilisislorem.com|1-680-108-5234|63564
Saunders|Hermione|et@magnaCrasconvallis.org|1-961-741-7361|03080
Schmidt|Astra|leo.in.lobortis@pharetrautpharetra.ca|1-277-322-0294|12443
Schmidt|Dylan|Integer.aliquam@dolor.ca|1-998-414-8793|15567
Schneider|Cally|consectetuer@Aeneanmassa.ca|1-990-485-8823|68753
Schroeder|Reed|arcu.imperdiet.ullamcorper@erat.org|1-749-565-6743|73891
Schroeder|Lucy|mauris@Morbi.com|1-342-557-1699|14655
Schultz|Shad|sagittis.augue.eu@cursusNunc.com|1-213-378-1999|89532
Scott|Ulric|lacus@Duiselementum.com|1-215-860-8700|77876
Serrano|Miranda|laoreet@sed.org|1-482-965-1480|50893
Sexton|Maris|magna@consequatlectus.com|1-551-339-5162|07921
Shelton|Sydney|nascetur.ridiculus.mus@accumsan.ca|1-948-333-5245|17709
Shelton|Cherokee|a.dui.Cras@blandit.edu|1-372-868-1330|64619
Shepherd|Idola|sit@nonleoVivamus.org|1-200-254-2603|98431
Silva|Sylvester|sapien.imperdiet@vulputate.ca|1-166-929-2053|91215
Simpson|Scarlet|molestie@urnaetarcu.edu|1-340-120-4131|50072
Simpson|Lara|ac.risus.Morbi@sedtortorInteger.org|1-941-648-5444|76384
Skinner|Tatiana|mus@Integer.org|1-997-645-0034|1786
Skinner|Sylvester|Sed.eget@faucibusidlibero.org|1-281-984-8195|53675
Slater|Hasad|urna.Nunc.quis@Morbisitamet.edu|1-103-976-4266|93623
Smith|Kaitlin|non.hendrerit@actellus.com|1-487-793-4812|19434
Snider|Uma|purus.accumsan.interdum@semperpretiumneque.ca|1-187-883-5208|99192
Snider|George|fringilla.mi.lacinia@Nuncquis.com|1-130-262-4858|4820
Snow|Tad|Etiam.laoreet@atvelit.org|1-329-816-2700|53159
Solomon|Dominique|justo@pedesagittisaugue.com|1-417-758-1992|72416
Solomon|Abel|Suspendisse@etrisusQuisque.org|1-176-458-5375|10083
Sosa|Wanda|ligula@mollisduiin.com|1-766-710-8598|88567
Spence|Lionel|eget.tincidunt.dui@ipsumcursusvestibulum.org|1-280-643-2904|54191
Spence|Blaine|lorem.fringilla.ornare@Etiamvestibulummassa.com|1-658-344-9823|25028
Stafford|Minerva|tortor.nibh.sit@liberoDonec.ca|1-640-631-8154|28805
Stanton|Timon|Aliquam.erat@liberoMorbiaccumsan.edu|1-587-686-3290|69886
Steele|Frances|habitant.morbi@ipsumPhasellusvitae.ca|1-855-767-8929|75192
Stephens|Ulysses|Curabitur.dictum.Phasellus@Utsemper.edu|1-715-400-6774|65323
Stevenson|Martha|egestas@pretiumet.edu|1-542-504-8127|44864
Stokes|Cairo|ullamcorper@nectempusmauris.com|1-807-711-7060|16809
Stokes|Ruth|lorem.lorem@quistristique.com|1-343-842-3582|19599
Stout|Jocelyn|molestie@sedleoCras.org|1-945-860-8382|27004
Strickland|Heather|dapibus.id@lacusNulla.com|1-509-624-9401|97185
Swanson|Yoshi|nisl.Nulla@gravida.com|1-841-901-9719|63073
Sweeney|Britanni|magna.Sed.eu@malesuada.ca|1-747-921-4356|23632
Sweet|Kiayada|erat.nonummy.ultricies@eu.com|1-130-860-7432|52352
Sykes|Latifah|malesuada@nullavulputatedui.ca|1-136-458-9773|36111
Sykes|Chase|dictum.mi@massa.edu|1-962-461-7615|20415
Sykes|Minerva|tortor.at.risus@magnatellus.ca|1-694-766-4033|3100
Talley|Veronica|fringilla@estvitae.org|1-636-624-7022|56209
Tanner|Abdul|sollicitudin@etrutrum.ca|1-748-388-6815|73183
Tate|Kaseem|tempus.eu.ligula@mattissemperdui.org|1-726-529-9570|60849
Tate|Selma|Aliquam@Integer.ca|1-920-596-7114|05187
Taylor|Chantale|lorem.ac@nonummy.com|1-277-616-8400|56812
Terry|Kyla|erat.volutpat.Nulla@adipiscing.ca|1-238-214-6789|21022
Thomas|Risa|sagittis@euultrices.edu|1-423-779-0837|36542
Thomas|Aurelia|Nullam.suscipit.est@rutrum.ca|1-704-487-1466|00644
Tillman|Chiquita|pharetra@maurissit.edu|1-349-644-5843|52924
Tran|Candice|sed.dictum.eleifend@adipiscingelitCurabitur.ca|1-677-711-1067|72518
Travis|Ivy|non.sollicitudin@metusVivamuseuismod.ca|1-429-464-3306|09051
Trevino|Porter|venenatis.vel@tellusfaucibusleo.org|1-110-604-8524|19554
Trevino|Meredith|tempor.bibendum.Donec@Intinciduntcongue.org|1-641-969-7553|99037
Tyson|Pascale|est.ac@nunc.ca|1-827-984-7189|54774
Tyson|Timon|cursus.luctus.ipsum@porttitorscelerisqueneque.edu|1-472-917-3181|10345
Valencia|Melinda|vel.turpis.Aliquam@Integerid.edu|1-964-379-3823|28037
Valentine|Macey|ligula.Aenean@nunc.edu|1-930-624-7559|87696
Valentine|Fulton|non.quam.Pellentesque@tempus.ca|1-946-588-0486|24201
Vance|Murphy|Integer.tincidunt@Phasellusliberomauris.org|1-283-893-0409|35325
Vang|Cally|vehicula.risus.Nulla@egetipsum.com|1-727-911-9226|44634
Vasquez|Marsden|neque.sed@nonlobortis.ca|1-616-579-9034|76175
Vaughan|Sheila|venenatis.vel.faucibus@rutrumurna.org|1-750-782-5373|29369
Vazquez|Uma|sit.amet.nulla@posuerecubilia.ca|1-673-820-9527|00030
Vega|Lamar|a.purus@lectusa.edu|1-350-290-1858|30740
Vega|Amos|commodo.tincidunt@lacusEtiambibendum.org|1-624-506-2976|97354
Velasquez|Rashad|lorem.sit.amet@Proin.ca|1-160-423-4465|50848
Velazquez|Yen|in.consectetuer@luctuset.org|1-481-586-6903|79585
Velez|Daquan|tempor.erat.neque@consectetueripsum.ca|1-915-232-0397|81617
Villarreal|Caesar|Donec.vitae@Proin.org|1-236-345-0563|38284
Vinson|Devin|posuere.at@Donec.ca|1-724-546-7626|64437
Wade|Quinn|auctor@pretium.com|1-766-171-1018|54552
Walker|Joel|mauris.ipsum@aptenttaciti.ca|1-299-725-9259|74554
Walker|Destiny|ultricies.dignissim.lacus@antedictumcursus.ca|1-661-477-0662|62588
Walker|Daphne|orci@Nunc.edu|1-691-895-1008|27441
Waller|Brennan|at.augue@Infaucibus.com|1-289-995-4731|9878
Walsh|Emerson|commodo.at@variusultrices.ca|1-304-449-0116|18510
Walter|Branden|neque@cursus.edu|1-818-669-3728|10231
Warner|Russell|Donec@tortordictum.edu|1-631-380-2077|78206
Washington|Angelica|Cras.sed@vitaesemper.com|1-879-281-4943|73214
Washington|Rylee|Sed.molestie.Sed@gravidaAliquam.org|1-688-105-6429|90721
Waters|Aaron|erat@ametmassa.org|1-931-548-9288|94010
Watkins|James|Vestibulum.ut.eros@eget.edu|1-697-484-8753|92291
Watkins|Barry|felis.eget@pedeNuncsed.com|1-199-294-2304|84374
Watkins|Kalia|Aenean.egestas@Morbiaccumsanlaoreet.ca|1-675-911-3201|04806
Watts|Alexander|eu.eleifend@musDonecdignissim.ca|1-496-988-9724|27996
Weaver|Oliver|urna@estMauris.ca|1-464-249-3608|86776
Weaver|Lareina|sapien.Aenean@Nullainterdum.com|1-452-229-8869|74131
Weaver|Brenna|Aliquam@acorci.edu|1-282-257-4073|45045
Weaver|Rafael|turpis@non.ca|1-202-773-1927|92595
Weber|Trevor|diam.lorem.auctor@ipsumdolor.org|1-623-123-5287|49813
Welch|Uta|massa.rutrum@Uttincidunt.org|1-154-175-8264|24858
Wells|Bertha|Duis.at@odioapurus.edu|1-690-379-7977|59999
White|Ulysses|lectus.pede.et@velvulputateeu.org|1-756-335-4330|7696
Whitfield|Sandra|vulputate.posuere.vulputate@eu.com|1-745-930-3209|66984
Whitley|Demetria|fringilla@risus.com|1-907-373-1391|72205
Wiggins|Catherine|ut@lacus.org|1-174-558-7209|80718
Wilcox|Odysseus|iaculis@Morbi.com|1-755-113-1728|48008
Wilkerson|Jaden|eget.varius.ultrices@auctorodioa.edu|1-808-811-4089|44718
Wilkinson|Geraldine|velit.Aliquam.nisl@lacusvestibulumlorem.org|1-603-149-6747|3432
Williams|Finn|pharetra@In.org|1-208-319-1348|87114
Williamson|Kerry|sed.est.Nunc@sitametluctus.org|1-310-393-5944|54908
Willis|Hollee|elit@sit.org|1-107-554-7545|08368
Winters|Warren|aliquet@enimnonnisi.ca|1-106-976-1525|13719
Witt|Drake|a.sollicitudin.orci@pharetrasedhendrerit.edu|1-431-880-1655|64250
Wolf|Kenyon|imperdiet@malesuada.edu|1-726-631-2962|75384
Wong|Oprah|Integer.urna.Vivamus@variusorciin.ca|1-841-625-5627|65321
Wood|acqueline|cursus@miac.edu|1-175-900-5205|52197
Wood|Yuri|pellentesque@conubianostraper.org|1-606-180-3502|83316
Woods|Aiko|dapibus.quam.quis@tinciduntadipiscingMauris.org|1-833-800-8363|97696
Woodward|Kelly|laoreet@Curabiturut.org|1-430-412-0106|89268
Wooten|Sylvester|eu@Fuscefeugiat.org|1-225-439-8292|71099
Workman|Yeo|aliquet.vel@eget.edu|1-999-234-7591|32224
Zamora|Alec|sed.est@Aliquamauctorvelit.com|1-921-529-0682|83527
Zimmerman|Linus|faucibus.orci.luctus@NullafacilisiSed.org|1-295-456-2583|36011
